Unique ID;Player;Nation;2nd Nat;Club;Division;Position;Age;Height;Left Foot;Right Foot;CA;PA;Transfer Value;Wage;Expires;Appearances;Minutes;Goals;Goals From Outside The Box;xG;NP-xG;xG-OP;xG/shot;Shots;Shots From Outside The Box Per 90 minutes;Shots on Target;Penalties Taken;Penalties Scored;Free Kick Shots;Assists;xA;Chances Created per 90;Clear Cut Chances Created;Key Passes;Open Play Key Passes per 90;Crosses Attempted;Crosses Completed;Open Play Crosses Attempted;Open Play Crosses Completed;Passes Attempted;Passes Completed;PsP;Dribbles;Distance;Sprints/90;Possession Lost per 90;Tackles Attempted;Tackled Completed;Key Tackles;Interceptions;Possession Won per 90;Pres A;Pres C;Blk;Shts Blckd;Clearances;Headers Attempted;Headers Won;Headers Lost per 90;Key Headers per 90;Clean Sheets;Goals Conceded;Saves per 90;Save Percentage;Expected Save Percentage;xGP;Saves Held;Saves Parried;Saves Tipped;Penalties Faced;Penalties Saved;Fouls Made;Fouls Against;Yellow Cards;Red cards;Off;Mistakes Leading to Goals;Rating;Player of the Match;Games Won;Games Drawn;Games Lost;Team Goals
2002402173;Andrea Bisceglia;Italy;;Monza;Serie A;GK;15;182 cm;Weak;Very Strong;83;147;€19.5M - €25M;€260 p/w;30/6/2034;0;0;0;0;0;0;0;0;0;0.0;0;0;0;0;0;0;0.0;0;0;0.0;0;0;0;0;0;0;0;0;0.0km;0.0;0.0;0;0;0;0;0.0;0;0;0;0;0;0;0;0.0;0.0;0;0;0;0;0;0;0;0;0;0;0;0;0;0;0;0;0;-;0;0;0;0;0
2002310355;Alex Di Muro;Italy;;Monza;Serie A;GK;17;184 cm;Reasonable;Very Strong;85;85;€180K - €900K;€220 p/w;30/6/2032;0;0;0;0;0;0;0;0;0;0.0;0;0;0;0;0;0;0.0;0;0;0.0;0;0;0;0;0;0;0;0;0.0km;0.0;0.0;0;0;0;0;0.0;0;0;0;0;0;0;0;0.0;0.0;0;0;0;0;0;0;0;0;0;0;0;0;0;0;0;0;0;-;0;0;0;0;0
2002267238;Mattia Abeni;Italy;;Monza;Serie A;GK;18;184 cm;Reasonable;Very Strong;87;117;€1.1M - €6M;€875 p/w;30/6/2031;0;0;0;0;0;0;0;0;0;0.0;0;0;0;0;0;0;0.0;0;0;0.0;0;0;0;0;0;0;0;0;0.0km;0.0;0.0;0;0;0;0;0.0;0;0;0;0;0;0;0;0.0;0.0;0;0;0;0;0;0;0;0;0;0;0;0;0;0;0;0;0;-;0;0;0;0;0
2002188319;Alessandro Willeit;Italy;Switzerland;Monza;Serie A;GK;20;181 cm;Reasonable;Very Strong;140;159;€30M - €35M;€6.5K p/w;30/6/2033;38;3420;0;0;0;0;0;0;0;0.0;0;0;0;0;0;0.08;0.0;0;0;0.0;0;0;0;0;1179;1118;20;0;205.1km;0.0;2.2;3;0;0;21;9.6;0;0;0;0;0;0;0;0.0;0.0;11;51;6;84;88;13.38;88;126;23;3;0;0;0;0;0;0;2;7.17;4;17;5;16;57
2002267241;Nicola Guerri;Italy;;Monza;Serie A;GK;18;184 cm;Reasonable;Very Strong;79;79;€180K - €375K;€260 p/w;30/6/2031;0;0;0;0;0;0;0;0;0;0.0;0;0;0;0;0;0;0.0;0;0;0.0;0;0;0;0;0;0;0;0;0.0km;0.0;0.0;0;0;0;0;0.0;0;0;0;0;0;0;0;0.0;0.0;0;0;0;0;0;0;0;0;0;0;0;0;0;0;0;0;0;-;0;0;0;0;0
2002349331;Giuseppe Finizio;Italy;;Monza;Serie A;GK;17;181 cm;Fairly Strong;Very Strong;89;148;€12M - €15.5M;€1.2K p/w;30/6/2032;1;90;0;0;0;0;0;0;0;0.0;0;0;0;0;0;0;0.0;0;0;0.0;0;0;0;0;24;22;0;0;5.4km;0.0;2.0;0;0;1;1;10.0;0;0;0;0;0;0;0;0.0;0.0;0;3;3;50;81;-1.13;1;2;0;0;0;0;0;0;0;0;0;6.40;0;0;0;1;1
2000241770;Alessandro Bagnaschi;Italy;;Monza;Serie A;D (C);23;187 cm;Reasonable;Very Strong;102;102;€1.2M - €2.8M;€3.6K p/w;30/6/2031;33;2970;0;0;1.29;1.29;-1.29;0.215;6;0.0;1;0;0;0;1;0.19;0.1;3;1;0.0;0;0;0;0;1931;1818;82;0;340.3km;4.2;4.3;25;17;9;94;8.6;85;24;29;22;69;133;88;1.4;0.5;0;0;0;0;0;0;0;0;0;0;0;14;4;2;0;3;0;6.88;1;15;5;13;47
2002349339;Matteo D'Ovidio;Italy;;Monza;Serie A;D (C);16;195 cm;Very Strong;Reasonable;96;143;€14M - €19M;€260 p/w;30/6/2033;9;810;1;0;0.46;0.46;0.54;0.115;4;0.0;3;0;0;0;0;0;0.0;0;0;0.0;1;0;0;0;483;433;43;0;91.7km;6.9;6.1;9;8;1;20;8.6;16;4;6;6;14;46;30;1.8;1.1;0;0;0;0;0;0;0;0;0;0;0;0;0;0;0;0;1;6.82;0;5;0;4;14
2002310366;Diego Cuoghi;Italy;Germany;Monza;Serie A;D (C);17;188 cm;Very Strong;Reasonable;59;59;€22K - €220K;€220 p/w;30/6/2032;0;0;0;0;0;0;0;0;0;0.0;0;0;0;0;0;0;0.0;0;0;0.0;0;0;0;0;0;0;0;0;0.0km;0.0;0.0;0;0;0;0;0.0;0;0;0;0;0;0;0;0.0;0.0;0;0;0;0;0;0;0;0;0;0;0;0;0;0;0;0;0;-;0;0;0;0;0
2000098305;Saverio Domanico;Italy;;Monza;Serie A;D (RC);25;191 cm;Weak;Very Strong;134;134;€17.5M - €19M;€14.5K p/w;30/6/2033;35;3150;0;0;1.2;1.2;-1.2;0.0666666666666667;18;0.1;8;0;0;0;2;0.98;0.1;4;3;0.1;0;0;0;0;2272;2083;172;0;380.0km;7.6;5.9;17;12;2;114;12.1;93;24;40;37;52;329;235;2.7;2.6;0;0;0;0;0;0;0;0;0;0;0;8;4;1;0;0;1;7.07;1;14;5;16;54
2002310367;Luca Iannucci;Italy;;Monza;Serie A;D (C);17;183 cm;Reasonable;Very Strong;56;56;€6K - €55K;€220 p/w;30/6/2032;0;0;0;0;0;0;0;0;0;0.0;0;0;0;0;0;0;0.0;0;0;0.0;0;0;0;0;0;0;0;0;0.0km;0.0;0.0;0;0;0;0;0.0;0;0;0;0;0;0;0;0.0;0.0;0;0;0;0;0;0;0;0;0;0;0;0;0;0;0;0;0;-;0;0;0;0;0
2002188323;Vincenzo Iozzia;Italy;;Monza;Serie A;D (LC);19;169 cm;Very Strong;Reasonable;74;100;€300K - €650K;€750 p/w;30/6/2034;0;0;0;0;0;0;0;0;0;0.0;0;0;0;0;0;0;0.0;0;0;0.0;0;0;0;0;0;0;0;0;0.0km;0.0;0.0;0;0;0;0;0.0;0;0;0;0;0;0;0;0.0;0.0;0;0;0;0;0;0;0;0;0;0;0;0;0;0;0;0;0;-;0;0;0;0;0
2002267247;Michael Guerra;Italy;Italy;Monza;Serie A;D (LC);18;195 cm;Very Strong;Weak;50;50;€4.5K - €35K;€220 p/w;30/6/2031;0;0;0;0;0;0;0;0;0;0.0;0;0;0;0;0;0;0.0;0;0;0.0;0;0;0;0;0;0;0;0;0.0km;0.0;0.0;0;0;0;0;0.0;0;0;0;0;0;0;0;0.0;0.0;0;0;0;0;0;0;0;0;0;0;0;0;0;0;0;0;0;-;0;0;0;0;0
2002402179;Nicolò Califano;Italy;;Monza;Serie A;D (LC);15;177 cm;Very Strong;Reasonable;66;118;€425K - €4.2M;€260 p/w;30/6/2034;0;0;0;0;0;0;0;0;0;0.0;0;0;0;0;0;0;0.0;0;0;0.0;0;0;0;0;0;0;0;0;0.0km;0.0;0.0;0;0;0;0;0.0;0;0;0;0;0;0;0;0.0;0.0;0;0;0;0;0;0;0;0;0;0;0;0;0;0;0;0;0;-;0;0;0;0;0
2002402178;Salvatore Palumbo;Italy;;Monza;Serie A;D (RLC);15;183 cm;Fairly Strong;Very Strong;62;123;€350K - €7M;€260 p/w;30/6/2034;3 (25);0;0;0;0;0;0;0;0;0.0;0;0;0;0;0;0;0.0;0;0;0.0;0;0;0;0;0;0;0;0;0.0km;0.0;0.0;0;0;0;0;0.0;0;0;0;0;0;0;0;0.0;0.0;0;0;0;0;0;0;0;0;0;0;0;0;0;0;0;0;0;-;0;0;0;0;0
2002402176;Gabriele Tarallo;Italy;;Monza;Serie A;D (RLC);15;186 cm;Weak;Very Strong;87;149;€19M - €33M;€260 p/w;30/6/2034;35 (2);0;0;0;0;0;0;0;0;0.0;0;0;0;0;0;0;0.0;0;0;0.0;0;0;0;0;0;0;0;0;0.0km;0.0;0.0;0;0;0;0;0.0;0;0;0;0;0;0;0;0.0;0.0;0;0;0;0;0;0;0;0;0;0;0;0;0;0;0;0;0;-;0;0;0;0;0
2002349338;Francesco Quinto;Italy;;Monza;Serie A;D (LC);17;183 cm;Very Strong;Reasonable;69;95;€200K - €1.1M;€260 p/w;30/6/2033;0;0;0;0;0;0;0;0;0;0.0;0;0;0;0;0;0;0.0;0;0;0.0;0;0;0;0;0;0;0;0;0.0km;0.0;0.0;0;0;0;0;0.0;0;0;0;0;0;0;0;0.0;0.0;0;0;0;0;0;0;0;0;0;0;0;0;0;0;0;0;0;-;0;0;0;0;0
2002349342;Lorenzo Ranucci;Italy;;Monza;Serie A;D (L);16;173 cm;Very Strong;Weak;64;93;€130K - €1.1M;€260 p/w;30/6/2033;0;0;0;0;0;0;0;0;0;0.0;0;0;0;0;0;0;0.0;0;0;0.0;0;0;0;0;0;0;0;0;0.0km;0.0;0.0;0;0;0;0;0.0;0;0;0;0;0;0;0;0.0;0.0;0;0;0;0;0;0;0;0;0;0;0;0;0;0;0;0;0;-;0;0;0;0;0
2002310368;Luca Ferraro;Italy;;Monza;Serie A;D/WB (R);18;179 cm;Weak;Very Strong;58;58;€4K - €80K;€220 p/w;30/6/2031;0;0;0;0;0;0;0;0;0;0.0;0;0;0;0;0;0;0.0;0;0;0.0;0;0;0;0;0;0;0;0;0.0km;0.0;0.0;0;0;0;0;0.0;0;0;0;0;0;0;0;0.0;0.0;0;0;0;0;0;0;0;0;0;0;0;0;0;0;0;0;0;-;0;0;0;0;0
2002267242;Alexander Bonello;Italy;;Monza;Serie A;D/WB (R);19;170 cm;Reasonable;Very Strong;86;103;€475K - €1.8M;€950 p/w;30/6/2034;0;0;0;0;0;0;0;0;0;0.0;0;0;0;0;0;0;0.0;0;0;0.0;0;0;0;0;0;0;0;0;0.0km;0.0;0.0;0;0;0;0;0.0;0;0;0;0;0;0;0;0.0;0.0;0;0;0;0;0;0;0;0;0;0;0;0;0;0;0;0;0;-;0;0;0;0;0
2002402184;Francesco Bove;Italy;Italy;Monza;Serie A;D/WB (R);15;177 cm;Reasonable;Very Strong;50;74;€50K - €500K;€260 p/w;30/6/2034;0;0;0;0;0;0;0;0;0;0.0;0;0;0;0;0;0;0.0;0;0;0.0;0;0;0;0;0;0;0;0;0.0km;0.0;0.0;0;0;0;0;0.0;0;0;0;0;0;0;0;0.0;0.0;0;0;0;0;0;0;0;0;0;0;0;0;0;0;0;0;0;-;0;0;0;0;0
2002267243;Stefano Sechi;Italy;Italy;Monza;Serie A;D (C), DM;18;193 cm;Very Strong;Weak;74;83;€16K - €150K;€220 p/w;30/6/2031;0;0;0;0;0;0;0;0;0;0.0;0;0;0;0;0;0;0.0;0;0;0.0;0;0;0;0;0;0;0;0;0.0km;0.0;0.0;0;0;0;0;0.0;0;0;0;0;0;0;0;0.0;0.0;0;0;0;0;0;0;0;0;0;0;0;0;0;0;0;0;0;-;0;0;0;0;0
2000495933;Manuel Villa;Italy;;Monza;Serie A;D (C), DM;22;192 cm;Reasonable;Very Strong;114;129;€11M - €12M;€6.5K p/w;30/6/2033;1 (1);93;0;0;0;0;0;0;0;0.0;0;0;0;0;0;0;0.0;0;0;0.0;0;0;0;0;57;53;1;0;10.5km;5.8;4.8;0;0;0;2;4.8;2;1;0;0;1;9;2;6.8;0.0;0;0;0;0;0;0;0;0;0;0;0;0;0;0;0;0;0;6.40;0;1;0;1;1
2002349337;Stefano Vacca;Italy;;Monza;Serie A;D (RC), WB (R);16;194 cm;Reasonable;Very Strong;108;155;€29M - €36M;€260 p/w;30/6/2033;9 (4);746;2;1;1.77;1.77;0.23;0.104117647058824;17;0.4;6;0;0;0;3;3.62;1.0;8;14;1.7;79;14;79;14;383;313;49;40;111.8km;34.6;19.7;28;23;0;23;11.5;56;14;7;6;12;74;58;1.9;4.2;0;0;0;0;0;0;0;0;0;0;0;9;14;0;0;2;1;7.24;1;6;0;7;11
2000098494;Leonardo Colombo;Italy;;Monza;Serie A;D (C), DM, M (C);24;179 cm;Reasonable;Very Strong;111;111;€10M - €12M;€19K p/w;30/6/2033;32 (5);2738;0;0;1.84;1.84;-1.84;0.0557575757575758;33;0.9;16;0;0;0;1;2.33;0.1;4;30;1.0;11;1;8;1;2255;2059;297;12;377.0km;20.5;7.6;55;40;1;86;7.3;178;44;24;20;25;45;14;1.0;0.0;0;0;0;0;0;0;0;0;0;0;0;13;5;2;0;0;1;6.88;0;17;4;16;45
2002310357;Idrissa Bâ;Senegal;Italy;Monza;Serie A;D (C), DM, M (C);18;184 cm;Reasonable;Very Strong;95;139;€15M - €18M;€4.3K p/w;30/6/2032;5 (9);502;1;1;0.17;0.17;0.83;0.0425;4;0.7;3;0;0;0;0;0.2;0.0;0;3;0.5;3;2;3;2;375;345;44;4;73.6km;28.7;7.4;6;3;1;18;6.1;21;3;5;4;6;5;2;0.5;0.2;0;0;0;0;0;0;0;0;0;0;0;4;2;0;0;0;0;6.76;0;9;1;4;9
2002310358;Enrico Malandrino;Italy;;Monza;Serie A;D (C), DM;18;171 cm;Fairly Strong;Very Strong;86;114;€900K - €4.6M;€220 p/w;30/6/2031;0;0;0;0;0;0;0;0;0;0.0;0;0;0;0;0;0;0.0;0;0;0.0;0;0;0;0;0;0;0;0;0.0km;0.0;0.0;0;0;0;0;0.0;0;0;0;0;0;0;0;0.0;0.0;0;0;0;0;0;0;0;0;0;0;0;0;0;0;0;0;0;-;0;0;0;0;0
2000241777;Samuele Capolupo;Italy;;Monza;Serie A;D/WB (L);24;182 cm;Very Strong;Reasonable;106;106;€3.8M - €5.2M;€13K p/w;30/6/2033;32 (1);2820;1;0;0.72;0.72;0.28;0.18;4;0.1;3;0;0;0;0;0.76;0.0;1;13;0.4;6;3;6;3;2313;2156;250;13;368.2km;16.0;6.4;48;43;3;98;10.3;179;50;34;15;56;121;88;1.1;0.4;0;0;0;0;0;0;0;0;0;0;0;9;4;1;0;1;0;6.85;0;13;5;15;45
2002310364;Stefano Pino;Italy;Germany;Monza;Serie A;D/WB (L);18;176 cm;Very Strong;Reasonable;89;89;€180K - €1M;€725 p/w;30/6/2031;0;0;0;0;0;0;0;0;0;0.0;0;0;0;0;0;0;0.0;0;0;0.0;0;0;0;0;0;0;0;0;0.0km;0.0;0.0;0;0;0;0;0.0;0;0;0;0;0;0;0;0.0;0.0;0;0;0;0;0;0;0;0;0;0;0;0;0;0;0;0;0;-;0;0;0;0;0
2002188330;Bernd Schlegel;Italy;Germany;Monza;Serie A;D (RLC), WB (R);19;172 cm;Reasonable;Very Strong;90;112;€900K - €3.6M;€1.3K p/w;30/6/2034;0 (1);18;0;0;0;0;0;0;0;0.0;0;0;0;0;0;0;0.0;0;0;0.0;0;0;0;0;12;12;1;0;2.2km;0.0;0.0;1;1;0;0;0.0;1;0;0;0;0;0;0;0.0;0.0;0;0;0;0;0;0;0;0;0;0;0;0;0;0;0;0;0;6.70;0;1;0;0;0
2002310361;Roberto Chiodo;Italy;;Monza;Serie A;D/WB (L);17;172 cm;Very Strong;Reasonable;93;132;€13.5M - €16M;€2.4K p/w;30/6/2032;2 (6);169;0;0;0;0;0;0;0;0.0;0;0;0;0;0;0.07;0.0;0;1;0.5;0;0;0;0;184;174;20;0;23.5km;21.8;5.9;6;6;0;7;10.7;10;2;0;0;3;7;3;2.1;0.5;0;0;0;0;0;0;0;0;0;0;0;0;0;0;0;0;0;6.73;0;3;0;5;5
2000183048;Adam Bakoune;Italy;Morocco;Monza;Serie A;D (R), WB (RL);24;195 cm;Weak;Very Strong;106;106;€1.7M - €3.7M;€7.5K p/w;30/6/2032;3 (22);481;0;0;0.23;0.23;-0.23;0.0766666666666667;3;0.0;2;0;0;0;1;1.04;0.6;3;11;2.1;46;10;46;10;258;210;31;20;84.2km;34.4;21.5;14;7;0;12;9.7;51;17;7;5;4;24;15;1.7;0.4;0;0;0;0;0;0;0;0;0;0;0;7;6;1;0;0;0;6.64;0;11;4;10;4
43274094;Samuele Birindelli;Italy;;Monza;Serie A;D (RL), WB (R);30;175 cm;Reasonable;Very Strong;135;135;€18.5M - €22M;€34.5K p/w;30/6/2032;32 (4);2709;5;0;3.45;3.45;1.55;0.101470588235294;34;0.3;21;0;0;0;8;11.06;0.9;26;86;2.4;352;71;222;55;1583;1398;177;147;415.6km;28.2;18.8;97;71;3;103;9.5;242;71;19;12;34;114;44;2.3;0.1;0;0;0;0;0;0;0;0;0;0;0;40;60;5;0;11;2;7.14;5;17;5;14;51
2000209239;Andrea De Bonis;Italy;Switzerland;Monza;Serie A;D (LC), WB (L);24;185 cm;Very Strong;Reasonable;84;84;€160K - €425K;€2.9K p/w;30/6/2031;0 (2);40;0;0;0;0;0;0;0;0.0;0;0;0;0;0;0;0.0;0;0;0.0;0;0;0;0;35;32;0;0;6.1km;0.0;0.0;0;0;0;0;0.0;2;1;0;0;0;1;0;0.0;0.0;0;0;0;0;0;0;0;0;0;0;0;0;0;0;0;0;0;6.60;0;1;0;1;0
2002267253;Jacopo Russo;Italy;;Monza;Serie A;D (RL), WB (R);19;185 cm;Very Strong;Very Strong;76;76;€120K - €230K;€260 p/w;30/6/2031;0;0;0;0;0;0;0;0;0;0.0;0;0;0;0;0;0;0.0;0;0;0.0;0;0;0;0;0;0;0;0;0.0km;0.0;0.0;0;0;0;0;0.0;0;0;0;0;0;0;0;0.0;0.0;0;0;0;0;0;0;0;0;0;0;0;0;0;0;0;0;0;-;0;0;0;0;0
2002349336;Daniele Finizio;Italy;;Monza;Serie A;DM, M (C);16;170 cm;Very Strong;Very Strong;86;94;€200K - €7.2M;€260 p/w;30/6/2033;0;0;0;0;0;0;0;0;0;0.0;0;0;0;0;0;0;0.0;0;0;0.0;0;0;0;0;0;0;0;0;0.0km;0.0;0.0;0;0;0;0;0.0;0;0;0;0;0;0;0;0.0;0.0;0;0;0;0;0;0;0;0;0;0;0;0;0;0;0;0;0;-;0;0;0;0;0
2002267244;Matteo Sotgiu;Italy;;Monza;Serie A;DM, M (RC);19;168 cm;Reasonable;Very Strong;71;71;€14K - €220K;€260 p/w;30/6/2031;0;0;0;0;0;0;0;0;0;0.0;0;0;0;0;0;0;0.0;0;0;0.0;0;0;0;0;0;0;0;0;0.0km;0.0;0.0;0;0;0;0;0.0;0;0;0;0;0;0;0;0.0;0.0;0;0;0;0;0;0;0;0;0;0;0;0;0;0;0;0;0;-;0;0;0;0;0
43155796;Matteo Pessina;Italy;;Monza;Serie A;DM, M (C), AM (RC);33;183 cm;Very Strong;Reasonable;128;144;€3.9M - €8.2M;€35K p/w;30/6/2031;33 (1);2644;9;2;9.76;6.68;-0.76;0.203333333333333;48;0.5;25;4;3;0;6;3.97;0.2;5;34;1.1;21;9;11;6;1487;1334;160;40;390.7km;26.1;7.6;55;38;4;87;6.9;246;56;16;10;33;96;41;1.9;0.1;0;0;0;0;0;0;0;0;0;0;0;26;16;2;0;11;0;6.87;2;13;5;16;43
2002402175;Christian Negro;Italy;;Monza;Serie A;DM, M/AM (C);16;174 cm;Reasonable;Very Strong;83;156;€14.5M - €18.5M;€260 p/w;30/6/2034;0;0;0;0;0;0;0;0;0;0.0;0;0;0;0;0;0;0.0;0;0;0.0;0;0;0;0;0;0;0;0;0.0km;0.0;0.0;0;0;0;0;0.0;0;0;0;0;0;0;0;0.0;0.0;0;0;0;0;0;0;0;0;0;0;0;0;0;0;0;0;0;-;0;0;0;0;0
2002188324;Giovanni Izzo;Italy;;Monza;Serie A;DM, M (RC), AM (R);19;175 cm;Fairly Strong;Very Strong;106;106;€1.1M - €5.2M;€3.3K p/w;30/6/2033;0 (8);94;0;0;0.24;0.24;-0.24;0.12;2;0.0;1;0;0;0;0;0.09;0.0;0;1;1.0;4;0;3;0;46;40;1;0;17.5km;30.6;14.4;2;2;0;1;5.7;9;0;0;0;1;5;4;1.0;0.0;0;0;0;0;0;0;0;0;0;0;0;2;2;0;0;1;0;6.60;0;6;1;1;1
2002310362;Anthony Husser;France;;Monza;Serie A;DM, M (RC);17;176 cm;Reasonable;Very Strong;103;103;€550K - €9M;€2.5K p/w;30/6/2032;0 (15);433;0;0;0.56;0.56;-0.56;0.0933333333333333;6;1.0;3;0;0;0;0;0.27;0.0;0;6;1.0;5;1;0;0;411;378;65;2;63.7km;24.5;8.3;5;2;0;11;5.0;18;6;3;3;4;6;1;1.0;0.0;0;0;0;0;0;0;0;0;0;0;0;1;3;1;0;0;0;6.69;0;6;3;6;6
2002188322;Marko Kos;Slovenia;;Monza;Serie A;DM, M (C);19;175 cm;Reasonable;Very Strong;104;104;€1M - €4.6M;€1.9K p/w;30/6/2033;0 (3);55;0;0;0.05;0.05;-0.05;0.05;1;0.0;0;0;0;0;0;0.13;0.0;0;3;0.0;0;0;0;0;63;55;3;2;9.2km;0.0;0.0;0;0;0;3;0.0;6;2;0;0;1;4;2;0.0;0.0;0;0;0;0;0;0;0;0;0;0;0;0;1;0;0;0;0;6.90;0;1;1;1;0
2002267251;Matteo Serra;Italy;;Monza;Serie A;DM, M/AM (C);18;161 cm;Reasonable;Very Strong;96;96;€350K - €1.3M;€1K p/w;30/6/2031;32 (4);0;0;0;0;0;0;0;0;0.0;0;0;0;0;0;0;0.0;0;0;0.0;0;0;0;0;0;0;0;0;0.0km;0.0;0.0;0;0;0;0;0.0;0;0;0;0;0;0;0;0.0;0.0;0;0;0;0;0;0;0;0;0;0;0;0;0;0;0;0;0;-;0;0;0;0;0
2002310360;Florim Salihu;Italy;Kosovo;Monza;Serie A;DM, M (C);17;172 cm;Reasonable;Very Strong;118;138;€21M - €34M;€4.2K p/w;30/6/2032;29 (10);2222;1;1;0.84;0.84;0.16;0.0494117647058823;17;0.6;8;0;0;0;1;2.5;0.2;4;27;1.1;4;0;4;0;1750;1604;234;9;314.6km;20.7;7.0;51;34;4;60;7.1;176;48;16;14;35;34;8;1.1;0.0;0;0;0;0;0;0;0;0;0;0;0;18;5;1;0;0;0;6.84;0;17;5;17;38
2002310356;Simone Lancia;Italy;;Monza;Serie A;DM, M (LC);18;191 cm;Very Strong;Fairly Strong;89;135;€6.8M - €9.6M;€440 p/w;30/6/2032;1 (3);130;0;0;0.07;0.07;-0.07;0.07;1;0.7;0;0;0;0;1;0.02;0.0;0;1;0.7;0;0;0;0;100;88;13;1;19.2km;26.3;9.0;3;1;0;2;6.2;8;1;1;0;2;5;3;1.4;0.7;0;0;0;0;0;0;0;0;0;0;0;0;0;0;0;0;0;6.70;0;0;0;4;2
2002349335;Massimo Donnarumma;Italy;;Monza;Serie A;DM, M (LC);16;168 cm;Very Strong;Fairly Strong;97;120;€11.5M - €15M;€260 p/w;30/6/2033;0;0;0;0;0;0;0;0;0;0.0;0;0;0;0;0;0;0.0;0;0;0.0;0;0;0;0;0;0;0;0;0.0km;0.0;0.0;0;0;0;0;0.0;0;0;0;0;0;0;0;0.0;0.0;0;0;0;0;0;0;0;0;0;0;0;0;0;0;0;0;0;-;0;0;0;0;0
2002349346;Niccolò Savoldi;Italy;;Monza;Serie A;M/AM (R);16;173 cm;Very Strong;Fairly Strong;70;70;€85K - €850K;€260 p/w;30/6/2033;0;0;0;0;0;0;0;0;0;0.0;0;0;0;0;0;0;0.0;0;0;0.0;0;0;0;0;0;0;0;0;0.0km;0.0;0.0;0;0;0;0;0.0;0;0;0;0;0;0;0;0.0;0.0;0;0;0;0;0;0;0;0;0;0;0;0;0;0;0;0;0;-;0;0;0;0;0
2002402187;Silvio Casale;Italy;Italy;Monza;Serie A;M/AM (R);16;173 cm;Strong;Very Strong;66;124;€475K - €2.4M;€260 p/w;30/6/2034;0;0;0;0;0;0;0;0;0;0.0;0;0;0;0;0;0;0.0;0;0;0.0;0;0;0;0;0;0;0;0;0.0km;0.0;0.0;0;0;0;0;0.0;0;0;0;0;0;0;0;0.0;0.0;0;0;0;0;0;0;0;0;0;0;0;0;0;0;0;0;0;-;0;0;0;0;0
2002349332;Alessio Marangoni;Italy;;Monza;Serie A;M (RC), AM (R), ST (C);16;162 cm;Reasonable;Very Strong;111;159;€32M - €54M;€260 p/w;30/6/2033;17 (10);1586;5;1;3.8;3.8;1.2;0.140740740740741;27;0.6;14;0;0;2;4;3.35;0.5;9;48;1.1;129;24;13;3;637;557;42;24;227.1km;22.4;11.0;23;20;0;23;3.8;108;22;9;7;10;31;4;1.5;0.1;0;0;0;0;0;0;0;0;0;0;0;19;12;1;0;8;0;6.64;2;11;4;12;27
2000495935;Francesco Reita;Italy;;Monza;Serie A;M (R), AM (RC);21;191 cm;Very Strong;Reasonable;100;100;€950K - €1.8M;€2.5K p/w;30/6/2031;0 (5);126;1;0;0.23;0.23;0.77;0.0766666666666667;3;1.4;2;0;0;0;0;0;0.0;0;0;0.0;3;1;3;1;43;35;7;0;20.1km;22.1;7.9;1;1;0;1;3.6;16;2;0;0;0;4;0;2.9;0.0;0;0;0;0;0;0;0;0;0;0;0;0;2;0;0;0;0;6.57;0;1;0;4;3
2002402180;Robin Berisha;Albania;Switzerland;Monza;Serie A;M/AM (L);15;164 cm;Reasonable;Very Strong;83;131;€10.5M - €18M;€260 p/w;30/6/2034;0;0;0;0;0;0;0;0;0;0.0;0;0;0;0;0;0;0.0;0;0;0.0;0;0;0;0;0;0;0;0;0.0km;0.0;0.0;0;0;0;0;0.0;0;0;0;0;0;0;0;0.0;0.0;0;0;0;0;0;0;0;0;0;0;0;0;0;0;0;0;0;-;0;0;0;0;0
2002402185;Bryan Cappelli;Italy;Italy;Monza;Serie A;M/AM (RL);15;174 cm;Very Strong;Reasonable;60;78;€800K - €1.5M;€260 p/w;30/6/2034;0;0;0;0;0;0;0;0;0;0.0;0;0;0;0;0;0;0.0;0;0;0.0;0;0;0;0;0;0;0;0;0.0km;0.0;0.0;0;0;0;0;0.0;0;0;0;0;0;0;0;0.0;0.0;0;0;0;0;0;0;0;0;0;0;0;0;0;0;0;0;0;-;0;0;0;0;0
2002349334;Edmond Ymeri;Albania;Italy;Monza;Serie A;M/AM (L);16;175 cm;Reasonable;Very Strong;60;106;€220K - €1.5M;€260 p/w;30/6/2033;0;0;0;0;0;0;0;0;0;0.0;0;0;0;0;0;0;0.0;0;0;0.0;0;0;0;0;0;0;0;0;0.0km;0.0;0.0;0;0;0;0;0.0;0;0;0;0;0;0;0;0.0;0.0;0;0;0;0;0;0;0;0;0;0;0;0;0;0;0;0;0;-;0;0;0;0;0
2002310369;Giacomo Mauro;Italy;;Monza;Serie A;M/AM (L);17;182 cm;Very Strong;Weak;73;77;€180K - €400K;€1.2K p/w;30/6/2031;0;0;0;0;0;0;0;0;0;0.0;0;0;0;0;0;0;0.0;0;0;0.0;0;0;0;0;0;0;0;0;0.0km;0.0;0.0;0;0;0;0;0.0;0;0;0;0;0;0;0;0.0;0.0;0;0;0;0;0;0;0;0;0;0;0;0;0;0;0;0;0;-;0;0;0;0;0
2002349344;Marco Coppola;Italy;;Monza;Serie A;M/AM (L);16;177 cm;Very Strong;Reasonable;61;106;€180K - €1.3M;€260 p/w;30/6/2033;0;0;0;0;0;0;0;0;0;0.0;0;0;0;0;0;0;0.0;0;0;0.0;0;0;0;0;0;0;0;0;0.0km;0.0;0.0;0;0;0;0;0.0;0;0;0;0;0;0;0;0.0;0.0;0;0;0;0;0;0;0;0;0;0;0;0;0;0;0;0;0;-;0;0;0;0;0
2002267239;Andrea De Bianchi;Italy;;Monza;Serie A;M (R), AM (RL);18;183 cm;Reasonable;Very Strong;104;118;€4.9M - €6M;€220 p/w;30/6/2031;0 (8);213;0;0;0.26;0.26;-0.26;0.0866666666666667;3;0.4;2;0;0;0;0;0.24;0.4;1;5;2.1;6;1;6;1;120;104;10;14;34.0km;33.8;16.1;14;11;0;6;7.2;32;9;3;2;5;7;1;2.5;0.0;0;0;0;0;0;0;0;0;0;0;0;4;1;0;0;1;0;6.60;0;4;1;3;1
2002267250;Giuseppe Latini;Italy;;Monza;Serie A;M/AM (L);18;185 cm;Very Strong;Strong;104;104;€1M - €7M;€1.3K p/w;30/6/2031;1 (6);136;0;0;0;0;0;0;0;0.0;0;0;0;0;0;0.13;0.0;0;2;1.3;14;3;14;3;82;70;8;10;22.4km;30.4;18.5;1;0;0;6;6.6;18;3;0;0;0;3;2;0.7;0.0;0;0;0;0;0;0;0;0;0;0;0;5;2;0;1;1;0;6.55;0;3;1;3;3
2002188327;Paolo Moccia;Italy;;Monza;Serie A;M/AM (L), ST (C);19;173 cm;Reasonable;Very Strong;100;113;€1.9M - €5M;€4.1K p/w;30/6/2034;2 (13);413;1;0;0.19;0.19;0.81;0.0633333333333333;3;0.4;1;0;0;0;3;1.34;0.9;4;10;1.7;31;10;21;8;273;235;26;37;66.1km;26.8;17.4;14;11;0;9;5.7;55;12;0;0;0;8;2;1.3;0.0;0;0;0;0;0;0;0;0;0;0;0;9;14;0;0;3;0;6.89;1;5;3;7;5
2002349341;Moreno Di Matteo;Italy;;Monza;Serie A;M/AM (LC);17;179 cm;Very Strong;Reasonable;80;86;€750K - €1.3M;€260 p/w;30/6/2033;3 (25);0;0;0;0;0;0;0;0;0.0;0;0;0;0;0;0;0.0;0;0;0.0;0;0;0;0;0;0;0;0;0.0km;0.0;0.0;0;0;0;0;0.0;0;0;0;0;0;0;0;0.0;0.0;0;0;0;0;0;0;0;0;0;0;0;0;0;0;0;0;0;-;0;0;0;0;0
2002310370;Davide Branca;Italy;;Monza;Serie A;M/AM (RL);18;187 cm;Reasonable;Very Strong;87;116;€900K - €4.7M;€220 p/w;30/6/2031;0;0;0;0;0;0;0;0;0;0.0;0;0;0;0;0;0;0.0;0;0;0.0;0;0;0;0;0;0;0;0;0.0km;0.0;0.0;0;0;0;0;0.0;0;0;0;0;0;0;0;0.0;0.0;0;0;0;0;0;0;0;0;0;0;0;0;0;0;0;0;0;-;0;0;0;0;0
2002188333;Alessio Giordano;Italy;Italy;Monza;Serie A;M (RL), AM (L);19;181 cm;Very Strong;Fairly Strong;100;100;€3.5M - €5.8M;€3.3K p/w;30/6/2034;8 (7);581;0;0;0.85;0.85;-0.85;0.10625;8;0.2;4;0;0;0;1;2.49;0.9;6;11;1.7;28;9;28;9;372;331;47;23;89.1km;28.2;15.3;21;15;0;15;8.4;68;15;4;2;9;19;4;2.3;0.0;0;0;0;0;0;0;0;0;0;0;0;12;19;1;0;2;0;6.79;1;8;2;5;10
2000462806;Pietro Rota Bulò;Italy;;Monza;Serie A;AM (C), ST (C);22;176 cm;Reasonable;Very Strong;96;96;€650K - €1.6M;€2.9K p/w;30/6/2031;3 (25);811;1;0;2.93;2.93;-1.93;0.172352941176471;17;0.8;8;0;0;0;4;1.23;0.4;4;10;1.1;10;5;10;5;402;349;28;18;114.6km;10.5;9.8;4;4;1;9;2.8;49;7;1;1;2;32;2;3.3;0.0;0;0;0;0;0;0;0;0;0;0;0;9;4;0;0;4;0;6.61;0;11;4;13;14
2002188334;Samuele Lavalle;Italy;;Monza;Serie A;AM (C), ST (C);19;166 cm;Fairly Strong;Very Strong;101;101;€1.3M - €5.6M;€6K p/w;30/6/2033;35 (2);2580;6;0;5.14;5.14;0.86;0.0988461538461538;52;1.1;15;0;0;3;0;3.74;0.4;11;42;1.1;79;14;23;4;1177;1051;96;47;341.3km;11.1;8.5;23;14;0;20;2.4;125;33;2;2;8;63;6;2.0;0.0;0;0;0;0;0;0;0;0;0;0;0;23;34;2;0;16;0;6.59;1;17;5;15;43
2000488659;Rosindo Zanni;Italy;;Monza;Serie A;AM (C), ST (C);21;188 cm;Reasonable;Very Strong;116;116;€6.4M - €7.2M;€11K p/w;30/6/2034;36;2727;16;1;13;13;3;0.216666666666667;60;0.3;40;0;0;0;4;3.51;0.4;12;36;1.2;4;3;4;3;743;633;48;29;328.8km;4.8;5.9;15;10;0;29;2.8;101;18;2;2;6;202;106;3.2;0.1;0;0;0;0;0;0;0;0;0;0;0;17;23;0;0;12;0;6.91;1;17;4;15;43
2002267245;Giuseppe Lopez;Italy;;Monza;Serie A;AM (RC), ST (C);18;178 cm;Very Strong;Reasonable;89;89;€950K - €1.6M;€320 p/w;30/6/2031;0;0;0;0;0;0;0;0;0;0.0;0;0;0;0;0;0;0.0;0;0;0.0;0;0;0;0;0;0;0;0;0.0km;0.0;0.0;0;0;0;0;0.0;0;0;0;0;0;0;0;0.0;0.0;0;0;0;0;0;0;0;0;0;0;0;0;0;0;0;0;0;-;0;0;0;0;0
2002310365;Daniele Petti;Italy;Kosovo;Monza;Serie A;AM (C), ST (C);18;178 cm;Very Strong;Reasonable;65;79;€220K - €425K;€220 p/w;30/6/2032;29 (10);0;0;0;0;0;0;0;0;0.0;0;0;0;0;0;0;0.0;0;0;0.0;0;0;0;0;0;0;0;0;0.0km;0.0;0.0;0;0;0;0;0.0;0;0;0;0;0;0;0;0.0;0.0;0;0;0;0;0;0;0;0;0;0;0;0;0;0;0;0;0;-;0;0;0;0;0
2002267240;Maurizio Condomitti;Italy;;Monza;Serie A;AM (R), ST (C);19;182 cm;Reasonable;Very Strong;115;130;€11.5M - €17M;€5.5K p/w;30/6/2033;3 (15);669;3;0;4.37;4.37;-1.37;0.273125;16;0.4;7;0;0;2;1;0.43;0.1;1;8;1.1;9;2;1;1;186;159;8;2;86.6km;8.3;5.7;5;4;0;8;2.8;13;5;1;1;2;40;13;3.6;0.0;0;0;0;0;0;0;0;0;0;0;0;9;8;1;0;8;0;6.68;0;5;3;10;13
2002267246;Kujtim Shala;Albania;Italy;Monza;Serie A;AM (C), ST (C);19;171 cm;Very Strong;Reasonable;81;94;€12K - €375K;€260 p/w;30/6/2031;1;90;0;0;0.02;0.02;-0.02;0.02;1;1.0;0;0;0;0;1;0.13;1.0;1;2;2.0;3;1;3;1;41;37;0;2;11.4km;6.0;8.0;0;0;0;1;2.0;3;2;0;0;0;7;3;4.0;0.0;0;0;0;0;0;0;0;0;0;0;0;1;0;0;0;1;0;6.70;0;0;0;1;1
2002310363;Damián Canale;Argentina;Italy;Monza;Serie A;AM (RLC), ST (C);17;170 cm;Reasonable;Very Strong;75;75;€28K - €275K;€220 p/w;30/6/2032;0;0;0;0;0;0;0;0;0;0.0;0;0;0;0;0;0;0.0;0;0;0.0;0;0;0;0;0;0;0;0;0.0km;0.0;0.0;0;0;0;0;0.0;0;0;0;0;0;0;0;0.0;0.0;0;0;0;0;0;0;0;0;0;0;0;0;0;0;0;0;0;-;0;0;0;0;0
2000103339;Jordan Longhi;Italy;;Monza;Serie A;AM (L), ST (C);25;181 cm;Reasonable;Very Strong;114;114;€10M - €11M;€6.5K p/w;30/6/2031;28;2156;4;1;4.5;4.5;-0.5;0.102272727272727;44;0.9;18;0;0;0;5;7.24;0.8;20;43;1.8;84;23;84;23;1387;1224;158;101;319.1km;27.4;14.0;86;57;1;60;7.9;279;66;8;4;21;81;43;1.6;0.1;0;0;0;0;0;0;0;0;0;0;0;48;33;7;0;26;0;6.83;0;11;3;14;38
2002402174;Giuseppe Pappalardo;Italy;;Monza;Serie A;AM (LC), ST (C);16;186 cm;Fairly Strong;Very Strong;50;120;€230K - €1.2M;€260 p/w;30/6/2034;0;0;0;0;0;0;0;0;0;0.0;0;0;0;0;0;0;0.0;0;0;0.0;0;0;0;0;0;0;0;0;0.0km;0.0;0.0;0;0;0;0;0.0;0;0;0;0;0;0;0;0.0;0.0;0;0;0;0;0;0;0;0;0;0;0;0;0;0;0;0;0;-;0;0;0;0;0
2002402188;Luca Panepinto;Italy;;Monza;Serie A;AM (RLC), ST (C);16;172 cm;Strong;Very Strong;69;85;€130K - €1.3M;€260 p/w;30/6/2034;0;0;0;0;0;0;0;0;0;0.0;0;0;0;0;0;0;0.0;0;0;0.0;0;0;0;0;0;0;0;0;0.0km;0.0;0.0;0;0;0;0;0.0;0;0;0;0;0;0;0;0.0;0.0;0;0;0;0;0;0;0;0;0;0;0;0;0;0;0;0;0;-;0;0;0;0;0
2002310359;Mauro Campagnari;Italy;;Monza;Serie A;ST (C);18;180 cm;Reasonable;Very Strong;104;144;€190K - €800K;€3.2K p/w;30/6/2033;0 (7);114;0;0;0.19;0.19;-0.19;0.095;2;0.8;0;0;0;0;0;0;0.0;0;0;0.0;0;0;0;0;23;18;0;2;15.2km;11.1;5.5;2;2;1;1;0.8;2;1;0;0;2;6;1;3.9;0.0;0;0;0;0;0;0;0;0;0;0;0;0;0;0;0;0;0;6.58;0;6;0;1;2
2002349345;Mattia Gallo;Italy;;Monza;Serie A;ST (C);17;178 cm;Very Strong;Reasonable;75;90;€650K - €1.1M;€260 p/w;30/6/2033;0;0;0;0;0;0;0;0;0;0.0;0;0;0;0;0;0;0.0;0;0;0.0;0;0;0;0;0;0;0;0;0.0km;0.0;0.0;0;0;0;0;0.0;0;0;0;0;0;0;0;0.0;0.0;0;0;0;0;0;0;0;0;0;0;0;0;0;0;0;0;0;-;0;0;0;0;0
2002402181;Michael Viti;Italy;;Monza;Serie A;ST (C);16;177 cm;Weak;Very Strong;55;111;€700K - €1.2M;€260 p/w;30/6/2034;0;0;0;0;0;0;0;0;0;0.0;0;0;0;0;0;0;0.0;0;0;0.0;0;0;0;0;0;0;0;0;0.0km;0.0;0.0;0;0;0;0;0.0;0;0;0;0;0;0;0;0.0;0.0;0;0;0;0;0;0;0;0;0;0;0;0;0;0;0;0;0;-;0;0;0;0;0
